{
 "build": {
  "beforeDevCommand": "pnpm dev",
  "beforeBuildCommand": "pnpm build",
  "devPath": "http://localhost:3000",
  "distDir": "../out",
  "withGlobalTauri": false
 },
 "package": {
  "productName": "AI Assistant",
  "version": "0.0.1"
 },
 "tauri": {
  "allowlist": {
   "all": false,
   "shell": {
    "all": false,
    "open": true
   },
   "window": {
    "all": false,
    "close": true,
    "hide": true,
    "show": true,
    "maximize": true,
    "minimize": true,
    "startDragging": true
   },
   "globalShortcut": {
    "all": true
   },
   "clipboard": {
    "all": false,
    "writeText": true,
    "readText": true
   }
  },
  "bundle": {
   "active": true,
   "icon": [
    "icons/32x32.png",
    "icons/128x128.png",
    "icons/128x128@2x.png",
    "icons/icon.icns",
    "icons/icon.ico"
   ],
   "identifier": "com.assistant.dev",
   "targets": "all"
  },
  "security": {
   "csp": null
  },
  "updater": {
   "active": false
  },
  "windows": [
   {
    "decorations": true,
    "fullscreen": false,
    "resizable": false,
    "title": "AI Assistant",
    "width": 650,
    "height": 800
   }
  ]
 }
}
